section,item,value_str,value_num
混淆矩阵,true_neg,,71
混淆矩阵,false_pos,,1
混淆矩阵,false_neg,,1
混淆矩阵,true_pos,,634
关键指标,miss_rate,0.16%,0.0015748031496062992
关键指标,false_alarm_rate,1.39%,0.013888888888888888
关键指标,changed_perfect_rate,29.61%,0.29606299212598425
关键指标,overall_perfect_rate,36.63%,0.36633663366336633
维度准确率,Type,99.01%,0.9900990099009901
维度CI下界,Type,97.97%,0.979704826597452
维度CI上界,Type,99.52%,0.995195910782015
维度基线,Type,86.99%,0.8698727015558698
维度p值,Type,,8.581209619340542e-33
维度Coverage,Type,100.00%,1.0
维度准确率,Amount,21.25%,0.2125
维度CI下界,Amount,13.71%,0.13712274217035494
维度CI上界,Amount,31.42%,0.3142236061817758
维度基线,Amount,73.75%,0.7375
维度p值,Amount,,1.60810971389103e-22
维度Coverage,Amount,53.75%,0.5375
维度准确率,Position,41.26%,0.4126126126126126
维度CI下界,Position,37.24%,0.3723915192232914
维度CI上界,Position,45.40%,0.45403514622180075
维度基线,Position,6.13%,0.06126126126126126
维度p值,Position,,1.840568272445472e-125
维度Coverage,Position,96.22%,0.9621621621621622
维度准确率,Background,77.87%,0.778740157480315
维度CI下界,Background,74.65%,0.7464539678295833
维度CI上界,Background,81.10%,0.8110263471310467
维度基线,Background,47.09%,0.47086614173228347
维度p值,Background,,8.203515026863514e-12
维度Coverage,Background,100.00%,1.0
维度准确率,Density,80.80%,0.8079847908745247
维度CI下界,Density,77.21%,0.7721383204673615
维度CI上界,Density,83.94%,0.8393651930355419
维度基线,Density,55.89%,0.55893536121673
维度p值,Density,,3.269127881290578e-33
维度Coverage,Density,102.85%,1.0285171102661597
误差分解-填错,Type,0.99%,7
误差分解-漏生成,Type,0.00%,0
误差分解-部分对,Type,0.00%,0
误差分解-填错,Amount,78.75%,63
误差分解-漏生成,Amount,0.00%,0
误差分解-部分对,Amount,0.00%,0
误差分解-填错,Position,58.74%,326
误差分解-漏生成,Position,0.00%,0
误差分解-部分对,Position,0.00%,0
误差分解-填错,Background,4.88%,31
误差分解-漏生成,Background,0.00%,0
误差分解-部分对,Background,34.49%,219
误差分解-填错,Density,19.20%,101
误差分解-漏生成,Density,0.00%,0
误差分解-部分对,Density,0.00%,0
